{
  "type" : "arObject",
  "data" : {
    "center" : [
      -0.00018352270126342773,
      0.087493404746055603,
      0.0049984455108642578
    ],
    "scale" : [
      0.99999994039535522,
      1,
      0.99999994039535522
    ],
    "extent" : [
      0.37861442565917969,
      0.16554436087608337,
      0.38428032398223877
    ]
  }
}